table_schema,table_name,column_name,data_type,matched_terms
public,acceptance,category,character varying,category
public,acceptance,start_date,timestamp without time zone,date
public,acceptance,end_date,timestamp without time zone,date
public,acceptance,floor_id,bigint,floor
public,acceptance,created_date,timestamp without time zone,date
public,acceptance,last_modified_date,timestamp without time zone,date
public,acceptance,sub_project_id,bigint,project
public,ai_chat,guid,character varying,guid
public,ai_chat,owning_facility_id,bigint,facility
public,ai_chat,created_date,timestamp without time zone,date
public,ai_chat,last_modified_date,timestamp without time zone,date
public,ai_chat_reaction,created_date,timestamp without time zone,date
public,ai_chat_reaction,last_modified_date,timestamp without time zone,date
public,alert,category,character varying,category
public,alert,image_guid,character varying,guid
public,alert,facility_id,bigint,facility
public,alert,floor_id,bigint,floor
public,alert,space_id,bigint,space
public,alert,component_id,bigint,component
public,alert,project_id,bigint,project
public,alert,created_date,timestamp without time zone,date
public,alert,last_modified_date,timestamp without time zone,date
public,alert_priority,project_id,bigint,project
public,alert_priority,created_date,timestamp without time zone,date
public,alert_priority,last_modified_date,timestamp without time zone,date
public,alert_priority_aud,project_id,bigint,project
public,alert_priority_aud,revtype,smallint,type
public,alert_priority_aud,created_date,timestamp without time zone,date
public,alert_priority_aud,last_modified_date,timestamp without time zone,date
public,api_key,created_date,timestamp without time zone,date
public,api_key,last_modified_date,timestamp without time zone,date
public,asset_component,id,bigint,"asset, component"
public,asset_component,name,character varying,"asset, component"
public,asset_component,created_on,timestamp without time zone,"asset, component"
public,asset_component,ext_system,character varying,"asset, component"
public,asset_component,ext_object,character varying,"asset, component, object"
public,asset_component,ext_identifier,character varying,"asset, component"
public,asset_component,category,character varying,"asset, category, component"
public,asset_component,serial_number,character varying,"asset, component"
public,asset_component,installation_date,date,"asset, component, date"
public,asset_component,warranty_start_date,date,"asset, component, date"
public,asset_component,asset_identifier,character varying,"asset, component"
public,asset_component,bar_code,character varying,"asset, component"
public,asset_component,tag_number,character varying,"asset, component"
public,asset_component,image_guid,character varying,"asset, component, guid"
public,asset_component,type_id,bigint,"asset, component, type"
public,asset_component,owning_facility_id,bigint,"asset, component, facility"
public,asset_component,created_by_id,bigint,"asset, component"
public,asset_component,ifc_reference,character varying,"asset, component, ifc"
public,asset_component,created_by_user,character varying,"asset, component"
public,asset_component,created_date,timestamp without time zone,"asset, component, date"
public,asset_component,last_modified_by,character varying,"asset, component"
public,asset_component,last_modified_date,timestamp without time zone,"asset, component, date"
public,asset_component,jhi_version,bigint,"asset, component"
public,asset_component,system_id,bigint,"asset, component"
public,asset_component,predefined_type,character varying,"asset, component, type"
public,asset_component,model_id,bigint,"asset, component"
public,asset_component,description_txt,text,"asset, component"
public,asset_component,operating_status,character varying,"asset, component"
public,asset_component_assembly,id,bigint,"asset, component"
public,asset_component_assembly,name,character varying,"asset, component"
public,asset_component_assembly,created_on,timestamp without time zone,"asset, component"
public,asset_component_assembly,assembly_type,character varying,"asset, component, type"
public,asset_component_assembly,ext_system,character varying,"asset, component"
public,asset_component_assembly,ext_object,character varying,"asset, component, object"
public,asset_component_assembly,ext_identifier,character varying,"asset, component"
public,asset_component_assembly,image_guid,character varying,"asset, component, guid"
public,asset_component_assembly,owning_facility_id,bigint,"asset, component, facility"
public,asset_component_assembly,created_by_id,bigint,"asset, component"
public,asset_component_assembly,parent_id,bigint,"asset, component"
public,asset_component_assembly,ifc_reference,character varying,"asset, component, ifc"
public,asset_component_assembly,created_by_user,character varying,"asset, component"
public,asset_component_assembly,created_date,timestamp without time zone,"asset, component, date"
public,asset_component_assembly,last_modified_by,character varying,"asset, component"
public,asset_component_assembly,last_modified_date,timestamp without time zone,"asset, component, date"
public,asset_component_assembly,jhi_version,bigint,"asset, component"
public,asset_component_assembly,system_id,bigint,"asset, component"
public,asset_component_assembly,predefined_type,character varying,"asset, component, type"
public,asset_component_assembly,model_id,bigint,"asset, component"
public,asset_component_assembly,description_txt,text,"asset, component"
public,asset_component_assembly_attributes,attributes_id,bigint,"asset, attribute, component"
public,asset_component_assembly_attributes,asset_component_assemblies_id,bigint,"asset, attribute, component"
public,asset_component_assembly_attributes_aud,asset_component_assemblies_id,bigint,"asset, attribute, component"
public,asset_component_assembly_attributes_aud,attributes_id,bigint,"asset, attribute, component"
public,asset_component_assembly_attributes_aud,rev,bigint,"asset, attribute, component"
public,asset_component_assembly_attributes_aud,revend,bigint,"asset, attribute, component"
public,asset_component_assembly_attributes_aud,revtype,smallint,"asset, attribute, component, type"
public,asset_component_assembly_aud,id,bigint,"asset, component"
public,asset_component_assembly_aud,name,character varying,"asset, component"
public,asset_component_assembly_aud,created_on,timestamp without time zone,"asset, component"
public,asset_component_assembly_aud,assembly_type,character varying,"asset, component, type"
public,asset_component_assembly_aud,ext_system,character varying,"asset, component"
public,asset_component_assembly_aud,ext_object,character varying,"asset, component, object"
public,asset_component_assembly_aud,ext_identifier,character varying,"asset, component"
public,asset_component_assembly_aud,image_guid,character varying,"asset, component, guid"
public,asset_component_assembly_aud,ifc_reference,character varying,"asset, component, ifc"
public,asset_component_assembly_aud,owning_facility_id,bigint,"asset, component, facility"
public,asset_component_assembly_aud,created_by_id,bigint,"asset, component"
public,asset_component_assembly_aud,parent_id,bigint,"asset, component"
public,asset_component_assembly_aud,rev,bigint,"asset, component"
public,asset_component_assembly_aud,revend,bigint,"asset, component"
public,asset_component_assembly_aud,revtype,smallint,"asset, component, type"
public,asset_component_assembly_aud,created_by_user,character varying,"asset, component"
public,asset_component_assembly_aud,created_date,timestamp without time zone,"asset, component, date"
public,asset_component_assembly_aud,last_modified_by,character varying,"asset, component"
public,asset_component_assembly_aud,last_modified_date,timestamp without time zone,"asset, component, date"
public,asset_component_assembly_aud,system_id,bigint,"asset, component"
public,asset_component_assembly_aud,predefined_type,character varying,"asset, component, type"
public,asset_component_assembly_aud,description_txt,text,"asset, component"
public,asset_component_assembly_components,components_id,bigint,"asset, component"
public,asset_component_assembly_components,asset_component_assemblies_id,bigint,"asset, component"
public,asset_component_assembly_components_aud,asset_component_assemblies_id,bigint,"asset, component"
public,asset_component_assembly_components_aud,components_id,bigint,"asset, component"
public,asset_component_assembly_components_aud,rev,bigint,"asset, component"
public,asset_component_assembly_components_aud,revend,bigint,"asset, component"
public,asset_component_assembly_components_aud,revtype,smallint,"asset, component, type"
public,asset_component_assembly_documents,documents_id,bigint,"asset, component"
public,asset_component_assembly_documents,asset_component_assemblies_id,bigint,"asset, component"
public,asset_component_assembly_documents_aud,asset_component_assemblies_id,bigint,"asset, component"
public,asset_component_assembly_documents_aud,documents_id,bigint,"asset, component"
public,asset_component_assembly_documents_aud,rev,bigint,"asset, component"
public,asset_component_assembly_documents_aud,revend,bigint,"asset, component"
public,asset_component_assembly_documents_aud,revtype,smallint,"asset, component, type"
public,asset_component_assembly_impacts,impacts_id,bigint,"asset, component"
public,asset_component_assembly_impacts,asset_component_assemblies_id,bigint,"asset, component"
public,asset_component_assembly_impacts_aud,asset_component_assemblies_id,bigint,"asset, component"
public,asset_component_assembly_impacts_aud,impacts_id,bigint,"asset, component"
public,asset_component_assembly_impacts_aud,rev,bigint,"asset, component"
public,asset_component_assembly_impacts_aud,revend,bigint,"asset, component"
public,asset_component_assembly_impacts_aud,revtype,smallint,"asset, component, type"
public,asset_component_attributes,attributes_id,bigint,"asset, attribute, component"
public,asset_component_attributes,asset_components_id,bigint,"asset, attribute, component"
public,asset_component_attributes_aud,asset_components_id,bigint,"asset, attribute, component"
public,asset_component_attributes_aud,attributes_id,bigint,"asset, attribute, component"
public,asset_component_attributes_aud,rev,bigint,"asset, attribute, component"
public,asset_component_attributes_aud,revend,bigint,"asset, attribute, component"
public,asset_component_attributes_aud,revtype,smallint,"asset, attribute, component, type"
public,asset_component_aud,id,bigint,"asset, component"
public,asset_component_aud,name,character varying,"asset, component"
public,asset_component_aud,created_on,timestamp without time zone,"asset, component"
public,asset_component_aud,ext_system,character varying,"asset, component"
public,asset_component_aud,ext_object,character varying,"asset, component, object"
public,asset_component_aud,ext_identifier,character varying,"asset, component"
public,asset_component_aud,category,character varying,"asset, category, component"
public,asset_component_aud,serial_number,character varying,"asset, component"
public,asset_component_aud,installation_date,date,"asset, component, date"
public,asset_component_aud,warranty_start_date,date,"asset, component, date"
public,asset_component_aud,asset_identifier,character varying,"asset, component"
public,asset_component_aud,bar_code,character varying,"asset, component"
public,asset_component_aud,tag_number,character varying,"asset, component"
public,asset_component_aud,ifc_reference,character varying,"asset, component, ifc"
public,asset_component_aud,image_guid,character varying,"asset, component, guid"
public,asset_component_aud,type_id,bigint,"asset, component, type"
public,asset_component_aud,owning_facility_id,bigint,"asset, component, facility"
public,asset_component_aud,created_by_id,bigint,"asset, component"
public,asset_component_aud,rev,bigint,"asset, component"
public,asset_component_aud,revend,bigint,"asset, component"
public,asset_component_aud,revtype,smallint,"asset, component, type"
public,asset_component_aud,created_by_user,character varying,"asset, component"
public,asset_component_aud,created_date,timestamp without time zone,"asset, component, date"
public,asset_component_aud,last_modified_by,character varying,"asset, component"
public,asset_component_aud,last_modified_date,timestamp without time zone,"asset, component, date"
public,asset_component_aud,system_id,bigint,"asset, component"
public,asset_component_aud,predefined_type,character varying,"asset, component, type"
public,asset_component_aud,description_txt,text,"asset, component"
public,asset_component_aud,operating_status,character varying,"asset, component"
public,asset_component_documents,documents_id,bigint,"asset, component"
public,asset_component_documents,asset_components_id,bigint,"asset, component"
public,asset_component_documents_aud,asset_components_id,bigint,"asset, component"
public,asset_component_documents_aud,documents_id,bigint,"asset, component"
public,asset_component_documents_aud,rev,bigint,"asset, component"
public,asset_component_documents_aud,revend,bigint,"asset, component"
public,asset_component_documents_aud,revtype,smallint,"asset, component, type"
public,asset_component_impacts,impacts_id,bigint,"asset, component"
public,asset_component_impacts,asset_components_id,bigint,"asset, component"
public,asset_component_impacts_aud,asset_components_id,bigint,"asset, component"
public,asset_component_impacts_aud,impacts_id,bigint,"asset, component"
public,asset_component_impacts_aud,rev,bigint,"asset, component"
public,asset_component_impacts_aud,revend,bigint,"asset, component"
public,asset_component_impacts_aud,revtype,smallint,"asset, component, type"
public,attribute,id,bigint,attribute
public,attribute,name,character varying,attribute
public,attribute,created_on,timestamp without time zone,attribute
public,attribute,ext_system,character varying,attribute
public,attribute,ext_object,character varying,"attribute, object"
public,attribute,ext_identifier,character varying,attribute
public,attribute,category,character varying,"attribute, category"
public,attribute,owning_facility_id,bigint,"attribute, facility"
public,attribute,created_by_id,bigint,attribute
public,attribute,property_id,bigint,"attribute, property"
public,attribute,unit_id,bigint,attribute
public,attribute,created_by_user,character varying,attribute
public,attribute,created_date,timestamp without time zone,"attribute, date"
public,attribute,last_modified_by,character varying,attribute
public,attribute,last_modified_date,timestamp without time zone,"attribute, date"
public,attribute,model_id,bigint,attribute
public,attribute,jhi_value_txt,text,attribute
public,attribute,description_txt,text,attribute
public,attribute,allowed_values_txt,text,attribute
public,attribute_aud,id,bigint,attribute
public,attribute_aud,name,character varying,attribute
public,attribute_aud,created_on,timestamp without time zone,attribute
public,attribute_aud,ext_system,character varying,attribute
public,attribute_aud,ext_object,character varying,"attribute, object"
public,attribute_aud,ext_identifier,character varying,attribute
public,attribute_aud,category,character varying,"attribute, category"
public,attribute_aud,owning_facility_id,bigint,"attribute, facility"
public,attribute_aud,created_by_id,bigint,attribute
public,attribute_aud,property_id,bigint,"attribute, property"
public,attribute_aud,unit_id,bigint,attribute
public,attribute_aud,rev,bigint,attribute
public,attribute_aud,revend,bigint,attribute
public,attribute_aud,revtype,smallint,"attribute, type"
public,attribute_aud,created_by_user,character varying,attribute
public,attribute_aud,created_date,timestamp without time zone,"attribute, date"
public,attribute_aud,last_modified_by,character varying,attribute
public,attribute_aud,last_modified_date,timestamp without time zone,"attribute, date"
public,attribute_aud,jhi_value_txt,text,attribute
public,attribute_aud,description_txt,text,attribute
public,attribute_aud,allowed_values_txt,text,attribute
public,bcf_bitmap,guid,character varying,guid
public,bcf_bitmap,bitmap_type,character varying,type
public,bcf_bitmap,height,numeric,height
public,bcf_comment,guid,character varying,guid
public,bcf_comment,date,timestamp without time zone,date
public,bcf_comment,modified_date,timestamp without time zone,date
public,bcf_comment_event,bitmap_type,character varying,type
public,bcf_comment_event_container,date,timestamp without time zone,date
public,bcf_component,id,bigint,component
public,bcf_component,ifc_guid,character varying,"component, guid, ifc"
public,bcf_component,originating_system,character varying,component
public,bcf_component,authoring_tool_id,character varying,component
public,bcf_component,container_id,bigint,component
public,bcf_component,coloring_id,bigint,component
public,bcf_component,visibility_id,bigint,component
public,bcf_components_container,id,bigint,component
public,bcf_components_container,view_point_id,bigint,component
public,bcf_document,guid,character varying,guid
public,bcf_document,document_guid,character varying,guid
public,bcf_document,project_id,bigint,project
public,bcf_document_reference,guid,character varying,guid
public,bcf_document_reference,document_guid,character varying,guid
public,bcf_file,ifc_project,character varying,"ifc, project"
public,bcf_project,id,bigint,project
public,bcf_project,project_id,character varying,project
public,bcf_project,name,character varying,project
public,bcf_project,owning_facility_id,bigint,"facility, project"
public,bcf_project_extensions,id,bigint,project
public,bcf_project_extensions,project_id,bigint,project
public,bcf_project_extensions_priorities,bcf_project_extensions_id,bigint,project
public,bcf_project_extensions_priorities,priority,character varying,project
public,bcf_project_extensions_snippet_types,bcf_project_extensions_id,bigint,"project, type"
public,bcf_project_extensions_snippet_types,snippet_type,character varying,"project, type"
public,bcf_project_extensions_stages,bcf_project_extensions_id,bigint,project
public,bcf_project_extensions_stages,stage,character varying,project
public,bcf_project_extensions_topic_labels,bcf_project_extensions_id,bigint,project
public,bcf_project_extensions_topic_labels,topic_label,character varying,project
public,bcf_project_extensions_topic_status,bcf_project_extensions_id,bigint,project
public,bcf_project_extensions_topic_status,topic_status,character varying,project
public,bcf_project_extensions_topic_types,bcf_project_extensions_id,bigint,"project, type"
public,bcf_project_extensions_topic_types,topic_type,character varying,"project, type"
public,bcf_project_extensions_users,bcf_project_extensions_id,bigint,project
public,bcf_project_extensions_users,jhi_user,character varying,project
public,bcf_snapshot,snapshot_type,character varying,type
public,bcf_snippet,snippet_type,character varying,type
public,bcf_snippet,document_guid,character varying,guid
public,bcf_topic,guid,character varying,guid
public,bcf_topic,topic_type,character varying,type
public,bcf_topic,creation_date,timestamp without time zone,date
public,bcf_topic,modified_date,timestamp without time zone,date
public,bcf_topic,due_date,timestamp without time zone,date
public,bcf_topic,project_id,bigint,project
public,bcf_topic_event,bitmap_type,character varying,type
public,bcf_topic_event_container,date,timestamp without time zone,date
public,bcf_view_point,guid,character varying,guid
public,bcf_visibility,spaces_visible,boolean,space
public,bcf_visibility,space_boundaries_visible,boolean,space
public,cobie_attributes,id,bigint,attribute
public,cobie_attributes,idp_cobie_attributes_id,bigint,attribute
public,cobie_attributes,attribute,character varying,attribute
public,cobie_diff_summary,validation_guid,character varying,guid
public,connection,connection_type,character varying,type
public,connection,realizing_element,character varying,element
public,connection,ext_object,character varying,object
public,connection,image_guid,character varying,guid
public,connection,owning_facility_id,bigint,facility
public,connection,component_id,bigint,component
public,connection,related_component_id,bigint,component
public,connection,ifc_reference,character varying,ifc
public,connection,created_date,timestamp without time zone,date
public,connection,last_modified_date,timestamp without time zone,date
public,connection,predefined_type,character varying,type
public,connection_attributes,attributes_id,bigint,attribute
public,connection_attributes,connections_id,bigint,attribute
public,connection_attributes_aud,connections_id,bigint,attribute
public,connection_attributes_aud,attributes_id,bigint,attribute
public,connection_attributes_aud,rev,bigint,attribute
public,connection_attributes_aud,revend,bigint,attribute
public,connection_attributes_aud,revtype,smallint,"attribute, type"
public,connection_aud,connection_type,character varying,type
public,connection_aud,realizing_element,character varying,element
public,connection_aud,ext_object,character varying,object
public,connection_aud,ifc_reference,character varying,ifc
public,connection_aud,image_guid,character varying,guid
public,connection_aud,owning_facility_id,bigint,facility
public,connection_aud,component_id,bigint,component
public,connection_aud,related_component_id,bigint,component
public,connection_aud,revtype,smallint,type
public,connection_aud,created_date,timestamp without time zone,date
public,connection_aud,last_modified_date,timestamp without time zone,date
public,connection_aud,predefined_type,character varying,type
public,connection_documents_aud,revtype,smallint,type
public,connection_impacts_aud,revtype,smallint,type
public,contact,ext_object,character varying,object
public,contact,category,character varying,category
public,contact,image_guid,character varying,guid
public,contact,project_id,bigint,project
public,contact,created_date,timestamp without time zone,date
public,contact,last_modified_date,timestamp without time zone,date
public,contact,predefined_type,character varying,type
public,contact_attributes,attributes_id,bigint,attribute
public,contact_attributes,contacts_id,bigint,attribute
public,contact_attributes_aud,contacts_id,bigint,attribute
public,contact_attributes_aud,attributes_id,bigint,attribute
public,contact_attributes_aud,rev,bigint,attribute
public,contact_attributes_aud,revend,bigint,attribute
public,contact_attributes_aud,revtype,smallint,"attribute, type"
public,contact_aud,ext_object,character varying,object
public,contact_aud,category,character varying,category
public,contact_aud,image_guid,character varying,guid
public,contact_aud,revtype,smallint,type
public,contact_aud,created_date,timestamp without time zone,date
public,contact_aud,last_modified_date,timestamp without time zone,date
public,contact_aud,predefined_type,character varying,type
public,contact_documents_aud,revtype,smallint,type
public,contact_impacts_aud,revtype,smallint,type
public,contract,contract_type,character varying,type
public,contract,contract_date,date,date
public,contract,offer_date,date,date
public,contract,owning_facility_id,bigint,facility
public,contract,created_date,timestamp without time zone,date
public,contract,last_modified_date,timestamp without time zone,date
public,contract,sub_project_id,bigint,project
public,contract_aud,contract_type,character varying,type
public,contract_aud,contract_date,date,date
public,contract_aud,offer_date,date,date
public,contract_aud,owning_facility_id,bigint,facility
public,contract_aud,revtype,smallint,type
public,contract_aud,created_date,timestamp without time zone,date
public,contract_aud,last_modified_date,timestamp without time zone,date
public,contract_documents_aud,revtype,smallint,type
public,contract_systems_aud,revtype,smallint,type
public,coordinate,category,character varying,category
public,coordinate,ext_object,character varying,object
public,coordinate,owning_facility_id,bigint,facility
public,coordinate,facility_id,bigint,facility
public,coordinate,floor_id,bigint,floor
public,coordinate,space_id,bigint,space
public,coordinate,asset_component_id,bigint,"asset, component"
public,coordinate,asset_component_assembly_id,bigint,"asset, component"
public,coordinate,predefined_type,character varying,type
public,coordinate_attributes,attributes_id,bigint,attribute
public,coordinate_attributes,coordinates_id,bigint,attribute
public,coordination_document,entity_type,character varying,type
public,coordination_document,owning_facility_id,bigint,facility
public,coordination_document,created_date,timestamp without time zone,date
public,coordination_document,last_modified_date,timestamp without time zone,date
public,dashboard_entry,category,character varying,category
public,dashboard_entry,owning_facility_id,bigint,facility
public,dashboard_entry,created_date,timestamp without time zone,date
public,dashboard_entry,last_modified_date,timestamp without time zone,date
public,data_format_entry,data_type,character varying,type
public,data_sample,type,character varying,type
public,data_set,attributes,json,attribute
public,data_sheet,asset_component_id,bigint,"asset, component"
public,data_sheet,owning_facility_id,bigint,facility
public,data_sheet,created_date,timestamp without time zone,date
public,data_sheet,last_modified_date,timestamp without time zone,date
public,databasechangelog,dateexecuted,timestamp without time zone,date
public,databasechangelog,exectype,character varying,type
public,dictionary_reference,dictionary_namespace,character varying,space
public,dictionary_reference,ifd_guid,character varying,guid
public,dictionary_reference,legacy_guid,character varying,guid
public,dictionary_reference,legacy_guid_as_ifc_global_id,character varying,"global_id, guid, ifc"
public,document,category,character varying,category
public,document,ext_object,character varying,object
public,document,document_guid,character varying,guid
public,document,owning_facility_id,bigint,facility
public,document,created_date,timestamp without time zone,date
public,document,last_modified_date,timestamp without time zone,date
public,document,predefined_type,character varying,type
public,document,thumbnail_guid,character varying,guid
public,document_annotation,document_guid,character varying,guid
public,document_annotation,created_date,timestamp without time zone,date
public,document_annotation,last_modified_date,timestamp without time zone,date
public,document_attributes,attributes_id,bigint,attribute
public,document_attributes,documents_id,bigint,attribute
public,document_attributes_aud,documents_id,bigint,attribute
public,document_attributes_aud,attributes_id,bigint,attribute
public,document_attributes_aud,rev,bigint,attribute
public,document_attributes_aud,revend,bigint,attribute
public,document_attributes_aud,revtype,smallint,"attribute, type"
public,document_aud,category,character varying,category
public,document_aud,ext_object,character varying,object
public,document_aud,document_guid,character varying,guid
public,document_aud,owning_facility_id,bigint,facility
public,document_aud,revtype,smallint,type
public,document_aud,created_date,timestamp without time zone,date
public,document_aud,last_modified_date,timestamp without time zone,date
public,document_aud,predefined_type,character varying,type
public,document_aud,thumbnail_guid,character varying,guid
public,document_authorized_editors_aud,revtype,smallint,type
public,document_documents_aud,revtype,smallint,type
public,document_download_link,type,character varying,type
public,document_download_link,validity_date,timestamp without time zone,date
public,email,sent_date,timestamp without time zone,date
public,email,entity_type,character varying,type
public,email,entity_type_category,character varying,"category, type"
public,email,entity_type_id,bigint,type
public,facility,id,bigint,facility
public,facility,name,character varying,facility
public,facility,created_on,timestamp without time zone,facility
public,facility,external_site_object,character varying,"facility, object"
public,facility,external_project_object,character varying,"facility, object, project"
public,facility,external_facility_object,character varying,"facility, object"
public,facility,category,character varying,"category, facility"
public,facility,site_name,character varying,facility
public,facility,external_facility_identifier,character varying,facility
public,facility,external_site_identifier,character varying,facility
public,facility,external_project_identifier,character varying,"facility, project"
public,facility,phase,character varying,facility
public,facility,area_measurement,character varying,"area, facility"
public,facility,external_system,character varying,facility
public,facility,project_name,character varying,"facility, project"
public,facility,facility_type,character varying,"facility, type"
public,facility,facility_type_detail,character varying,"facility, type"
public,facility,facility_type_detail_name,character varying,"facility, type"
public,facility,image_guid,character varying,"facility, guid"
public,facility,information_id,bigint,facility
public,facility,created_by_id,bigint,facility
public,facility,linear_unit_id,bigint,facility
public,facility,area_unit_id,bigint,"area, facility"
public,facility,volume_unit_id,bigint,"facility, volume"
public,facility,currency_unit_id,bigint,facility
public,facility,project_id,bigint,"facility, project"
public,facility,created_by_user,character varying,facility
public,facility,created_date,timestamp without time zone,"date, facility"
public,facility,last_modified_by,character varying,facility
public,facility,last_modified_date,timestamp without time zone,"date, facility"
public,facility,jhi_version,bigint,facility
public,facility,webgl_guid,character varying,"facility, guid"
public,facility,ifc_reference,character varying,"facility, ifc"
public,facility,predefined_type,character varying,"facility, type"
public,facility,description_txt,text,facility
public,facility,site_description_txt,text,facility
public,facility,project_description_txt,text,"facility, project"
public,facility,laz_guid,character varying,"facility, guid"
public,facility,preview_guid,character varying,"facility, guid"
public,facility_attributes,attributes_id,bigint,"attribute, facility"
public,facility_attributes,facilities_id,bigint,"attribute, facility"
public,facility_attributes_aud,facilities_id,bigint,"attribute, facility"
public,facility_attributes_aud,attributes_id,bigint,"attribute, facility"
public,facility_attributes_aud,rev,bigint,"attribute, facility"
public,facility_attributes_aud,revend,bigint,"attribute, facility"
public,facility_attributes_aud,revtype,smallint,"attribute, facility, type"
public,facility_aud,id,bigint,facility
public,facility_aud,name,character varying,facility
public,facility_aud,created_on,timestamp without time zone,facility
public,facility_aud,external_site_object,character varying,"facility, object"
public,facility_aud,external_project_object,character varying,"facility, object, project"
public,facility_aud,external_facility_object,character varying,"facility, object"
public,facility_aud,category,character varying,"category, facility"
public,facility_aud,site_name,character varying,facility
public,facility_aud,external_facility_identifier,character varying,facility
public,facility_aud,external_site_identifier,character varying,facility
public,facility_aud,external_project_identifier,character varying,"facility, project"
public,facility_aud,phase,character varying,facility
public,facility_aud,area_measurement,character varying,"area, facility"
public,facility_aud,external_system,character varying,facility
public,facility_aud,project_name,character varying,"facility, project"
public,facility_aud,facility_type,character varying,"facility, type"
public,facility_aud,facility_type_detail,character varying,"facility, type"
public,facility_aud,facility_type_detail_name,character varying,"facility, type"
public,facility_aud,image_guid,character varying,"facility, guid"
public,facility_aud,information_id,bigint,facility
public,facility_aud,created_by_id,bigint,facility
public,facility_aud,linear_unit_id,bigint,facility
public,facility_aud,area_unit_id,bigint,"area, facility"
public,facility_aud,volume_unit_id,bigint,"facility, volume"
public,facility_aud,currency_unit_id,bigint,facility
public,facility_aud,project_id,bigint,"facility, project"
public,facility_aud,rev,bigint,facility
public,facility_aud,revend,bigint,facility
public,facility_aud,revtype,smallint,"facility, type"
public,facility_aud,created_by_user,character varying,facility
public,facility_aud,created_date,timestamp without time zone,"date, facility"
public,facility_aud,last_modified_by,character varying,facility
public,facility_aud,last_modified_date,timestamp without time zone,"date, facility"
public,facility_aud,jhi_version,bigint,facility
public,facility_aud,webgl_guid,character varying,"facility, guid"
public,facility_aud,ifc_reference,character varying,"facility, ifc"
public,facility_aud,predefined_type,character varying,"facility, type"
public,facility_aud,description_txt,text,facility
public,facility_aud,site_description_txt,text,facility
public,facility_aud,project_description_txt,text,"facility, project"
public,facility_aud,laz_guid,character varying,"facility, guid"
public,facility_aud,preview_guid,character varying,"facility, guid"
public,facility_documents,documents_id,bigint,facility
public,facility_documents,facilities_id,bigint,facility
public,facility_documents_aud,facilities_id,bigint,facility
public,facility_documents_aud,documents_id,bigint,facility
public,facility_documents_aud,rev,bigint,facility
public,facility_documents_aud,revend,bigint,facility
public,facility_documents_aud,revtype,smallint,"facility, type"
public,facility_impacts,impacts_id,bigint,facility
public,facility_impacts,facilities_id,bigint,facility
public,facility_impacts_aud,facilities_id,bigint,facility
public,facility_impacts_aud,impacts_id,bigint,facility
public,facility_impacts_aud,rev,bigint,facility
public,facility_impacts_aud,revend,bigint,facility
public,facility_impacts_aud,revtype,smallint,"facility, type"
public,file_operation,jhi_type,character varying,type
public,file_operation,project_id,bigint,project
public,file_operation,file_document_guid,character varying,guid
public,file_operation,relation_type,character varying,type
public,file_operation,validation_document_guid,character varying,guid
public,file_operation,alternative_document_guid,character varying,guid
public,file_operation,created_date,timestamp without time zone,date
public,file_operation,last_modified_date,timestamp without time zone,date
public,file_reference,guid,character varying,guid
public,file_reference,jhi_type,character varying,type
public,file_reference,project_id,bigint,project
public,file_reference,mime_type,character varying,type
public,file_reference,created_date,timestamp without time zone,date
public,file_reference,last_modified_date,timestamp without time zone,date
public,file_reference,alternative_guid,character varying,guid
public,floor,id,bigint,floor
public,floor,name,character varying,floor
public,floor,created_on,timestamp without time zone,floor
public,floor,ext_system,character varying,floor
public,floor,ext_object,character varying,"floor, object"
public,floor,ext_identifier,character varying,floor
public,floor,category,character varying,"category, floor"
public,floor,elevation,numeric,floor
public,floor,height,numeric,"floor, height"
public,floor,image_guid,character varying,"floor, guid"
public,floor,created_by_id,bigint,floor
public,floor,facility_id,bigint,"facility, floor"
public,floor,ifc_reference,character varying,"floor, ifc"
public,floor,created_by_user,character varying,floor
public,floor,created_date,timestamp without time zone,"date, floor"
public,floor,last_modified_by,character varying,floor
public,floor,last_modified_date,timestamp without time zone,"date, floor"
public,floor,jhi_version,bigint,floor
public,floor,predefined_type,character varying,"floor, type"
public,floor,model_id,bigint,floor
public,floor,description_txt,text,floor
public,floor_attributes,attributes_id,bigint,"attribute, floor"
public,floor_attributes,floors_id,bigint,"attribute, floor"
public,floor_attributes_aud,floors_id,bigint,"attribute, floor"
public,floor_attributes_aud,attributes_id,bigint,"attribute, floor"
public,floor_attributes_aud,rev,bigint,"attribute, floor"
public,floor_attributes_aud,revend,bigint,"attribute, floor"
public,floor_attributes_aud,revtype,smallint,"attribute, floor, type"
public,floor_aud,id,bigint,floor
public,floor_aud,name,character varying,floor
public,floor_aud,created_on,timestamp without time zone,floor
public,floor_aud,ext_system,character varying,floor
public,floor_aud,ext_object,character varying,"floor, object"
public,floor_aud,ext_identifier,character varying,floor
public,floor_aud,category,character varying,"category, floor"
public,floor_aud,elevation,numeric,floor
public,floor_aud,height,numeric,"floor, height"
public,floor_aud,ifc_reference,character varying,"floor, ifc"
public,floor_aud,image_guid,character varying,"floor, guid"
public,floor_aud,created_by_id,bigint,floor
public,floor_aud,facility_id,bigint,"facility, floor"
public,floor_aud,rev,bigint,floor
public,floor_aud,revend,bigint,floor
public,floor_aud,revtype,smallint,"floor, type"
public,floor_aud,created_by_user,character varying,floor
public,floor_aud,created_date,timestamp without time zone,"date, floor"
public,floor_aud,last_modified_by,character varying,floor
public,floor_aud,last_modified_date,timestamp without time zone,"date, floor"
public,floor_aud,predefined_type,character varying,"floor, type"
public,floor_aud,description_txt,text,floor
public,floor_documents,documents_id,bigint,floor
public,floor_documents,floors_id,bigint,floor
public,floor_documents_aud,floors_id,bigint,floor
public,floor_documents_aud,documents_id,bigint,floor
public,floor_documents_aud,rev,bigint,floor
public,floor_documents_aud,revend,bigint,floor
public,floor_documents_aud,revtype,smallint,"floor, type"
public,floor_impacts,impacts_id,bigint,floor
public,floor_impacts,floors_id,bigint,floor
public,floor_impacts_aud,floors_id,bigint,floor
public,floor_impacts_aud,impacts_id,bigint,floor
public,floor_impacts_aud,rev,bigint,floor
public,floor_impacts_aud,revend,bigint,floor
public,floor_impacts_aud,revtype,smallint,"floor, type"
public,general_individual_asset_identifier,id,bigint,asset
public,general_individual_asset_identifier,giai,character varying,asset
public,general_individual_asset_identifier,entity_id,bigint,asset
public,general_individual_asset_identifier,entity_type,character varying,"asset, type"
public,general_individual_asset_identifier,created_by_user,character varying,asset
public,general_individual_asset_identifier,created_date,timestamp without time zone,"asset, date"
public,general_individual_asset_identifier,last_modified_by,character varying,asset
public,general_individual_asset_identifier,last_modified_date,timestamp without time zone,"asset, date"
public,idp_applicability_template,image_guid,character varying,guid
public,idp_applicability_template,project_type,character varying,"project, type"
public,idp_applicability_template,project_id,bigint,project
public,idp_application_definition_categories,category,character varying,category
public,idp_application_ifc_versions,idp_application_id,bigint,ifc
public,idp_application_ifc_versions,ifc_version,character varying,ifc
public,idp_cobie_attributes,id,bigint,attribute
public,idp_cobie_attributes,phase_id,bigint,attribute
public,idp_cobie_attributes,cobie_entity,character varying,attribute
public,idp_definition,category,character varying,category
public,idp_definition_ifc_objects,ifc_objects_id,bigint,"ifc, object"
public,idp_definition_ifc_objects,idp_definitions_id,bigint,"ifc, object"
public,idp_document,category,character varying,category
public,idp_document,ext_object,character varying,object
public,idp_document,project_type,character varying,"project, type"
public,idp_document,project_id,bigint,project
public,idp_ifc_object,id,bigint,"ifc, object"
public,idp_ifc_object,name,character varying,"ifc, object"
public,idp_mdt_document_definition_ifc_objects,ifc_objects_id,bigint,"ifc, object"
public,idp_mdt_document_definition_ifc_objects,idp_mdt_document_definition_id,bigint,"ifc, object"
public,idp_mdt_pset_definition,id,bigint,pset
public,idp_mdt_pset_definition,name,character varying,pset
public,idp_mdt_pset_definition,template_id,bigint,pset
public,idp_mdt_pset_definition_ifc_objects,ifc_objects_id,bigint,"ifc, object, pset"
public,idp_mdt_pset_definition_ifc_objects,idp_mdt_pset_definitions_id,bigint,"ifc, object, pset"
public,idp_mdt_pset_definition_mdt_pset_categories,idp_mdt_pset_definitions_id,bigint,pset
public,idp_mdt_pset_definition_mdt_pset_categories,mdt_pset_category_id,bigint,"category, pset"
public,idp_property,id,bigint,property
public,idp_property,phase_id,bigint,property
public,idp_property,property_id,bigint,property
public,idp_property,pset_id,bigint,"property, pset"
public,idp_pset,id,bigint,pset
public,idp_pset,property_set_id,bigint,"property, pset"
public,idp_pset,pset_definition_id,bigint,pset
public,idp_pset,mdt_pset_definition_id,bigint,pset
public,idp_pset_definition,id,bigint,pset
public,idp_pset_definition,jhi_system,character varying,pset
public,idp_pset_definition,template_id,bigint,pset
public,idp_pset_definition,category,character varying,"category, pset"
public,idp_pset_definition_ifc_objects,ifc_objects_id,bigint,"ifc, object, pset"
public,idp_pset_definition_ifc_objects,idp_pset_definitions_id,bigint,"ifc, object, pset"
public,idp_template,project_type,character varying,"project, type"
public,idp_template,project_id,bigint,project
public,impact,impact_type,character varying,type
public,impact,ext_object,character varying,object
public,impact,image_guid,character varying,guid
public,impact,owning_facility_id,bigint,facility
public,impact,created_date,timestamp without time zone,date
public,impact,last_modified_date,timestamp without time zone,date
public,impact,predefined_type,character varying,type
public,impact_attributes,attributes_id,bigint,attribute
public,impact_attributes,impacts_id,bigint,attribute
public,impact_attributes_aud,impacts_id,bigint,attribute
public,impact_attributes_aud,attributes_id,bigint,attribute
public,impact_attributes_aud,rev,bigint,attribute
public,impact_attributes_aud,revend,bigint,attribute
public,impact_attributes_aud,revtype,smallint,"attribute, type"
public,impact_aud,impact_type,character varying,type
public,impact_aud,ext_object,character varying,object
public,impact_aud,image_guid,character varying,guid
public,impact_aud,owning_facility_id,bigint,facility
public,impact_aud,revtype,smallint,type
public,impact_aud,created_date,timestamp without time zone,date
public,impact_aud,last_modified_date,timestamp without time zone,date
public,impact_aud,predefined_type,character varying,type
public,impact_documents_aud,revtype,smallint,type
public,information_model_progress,display_type,character varying,type
public,information_model_progress,owning_facility_id,bigint,facility
public,instruction_information,created_date,timestamp without time zone,date
public,instruction_information,last_modified_date,timestamp without time zone,date
public,instruction_information_aud,revtype,smallint,type
public,instruction_information_aud,created_date,timestamp without time zone,date
public,instruction_information_aud,last_modified_date,timestamp without time zone,date
public,issue,issue_type,character varying,type
public,issue,ext_object,character varying,object
public,issue,image_guid,character varying,guid
public,issue,relation_type,character varying,type
public,issue,relation_related_type,character varying,type
public,issue,owning_facility_id,bigint,facility
public,issue,created_date,timestamp without time zone,date
public,issue,last_modified_date,timestamp without time zone,date
public,issue,predefined_type,character varying,type
public,issue_attributes,attributes_id,bigint,attribute
public,issue_attributes,issues_id,bigint,attribute
public,issue_attributes_aud,issues_id,bigint,attribute
public,issue_attributes_aud,attributes_id,bigint,attribute
public,issue_attributes_aud,rev,bigint,attribute
public,issue_attributes_aud,revend,bigint,attribute
public,issue_attributes_aud,revtype,smallint,"attribute, type"
public,issue_aud,issue_type,character varying,type
public,issue_aud,ext_object,character varying,object
public,issue_aud,image_guid,character varying,guid
public,issue_aud,relation_type,character varying,type
public,issue_aud,relation_related_type,character varying,type
public,issue_aud,owning_facility_id,bigint,facility
public,issue_aud,revtype,smallint,type
public,issue_aud,created_date,timestamp without time zone,date
public,issue_aud,last_modified_date,timestamp without time zone,date
public,issue_aud,predefined_type,character varying,type
public,issue_documents_aud,revtype,smallint,type
public,jhi_persistent_audit_event,event_date,timestamp without time zone,date
public,jhi_persistent_audit_event,event_type,character varying,type
public,jhi_user,created_date,timestamp without time zone,date
public,jhi_user,reset_date,timestamp without time zone,date
public,jhi_user,last_modified_date,timestamp without time zone,date
public,job,category,character varying,category
public,job,ext_object,character varying,object
public,job,image_guid,character varying,guid
public,job,owning_facility_id,bigint,facility
public,job,type_id,bigint,type
public,job,created_date,timestamp without time zone,date
public,job,last_modified_date,timestamp without time zone,date
public,job,predefined_type,character varying,type
public,job_attributes,attributes_id,bigint,attribute
public,job_attributes,jobs_id,bigint,attribute
public,job_attributes_aud,jobs_id,bigint,attribute
public,job_attributes_aud,attributes_id,bigint,attribute
public,job_attributes_aud,rev,bigint,attribute
public,job_attributes_aud,revend,bigint,attribute
public,job_attributes_aud,revtype,smallint,"attribute, type"
public,job_aud,category,character varying,category
public,job_aud,ext_object,character varying,object
public,job_aud,image_guid,character varying,guid
public,job_aud,owning_facility_id,bigint,facility
public,job_aud,type_id,bigint,type
public,job_aud,revtype,smallint,type
public,job_aud,created_date,timestamp without time zone,date
public,job_aud,last_modified_date,timestamp without time zone,date
public,job_aud,predefined_type,character varying,type
public,job_documents_aud,revtype,smallint,type
public,job_impacts_aud,revtype,smallint,type
public,job_resources_aud,revtype,smallint,type
public,last_selected_viewer_object,id,bigint,object
public,last_selected_viewer_object,entity_id,bigint,object
public,last_selected_viewer_object,entity_type,character varying,"object, type"
public,last_selected_viewer_object,selected_date,timestamp without time zone,"date, object"
public,last_selected_viewer_object,email,character varying,object
public,last_selected_viewer_object,facility_id,bigint,"facility, object"
public,last_selected_viewer_object,project_id,bigint,"object, project"
public,localization,property_set_id,bigint,property
public,localization,property_id,bigint,property
public,localization,created_date,timestamp without time zone,date
public,localization,last_modified_date,timestamp without time zone,date
public,log_event,created_date,timestamp without time zone,date
public,log_event,last_modified_date,timestamp without time zone,date
public,log_event,project_id,bigint,project
public,mapping_rule,target_type,character varying,type
public,mapping_rule,target_property_id,bigint,property
public,mapping_rule,owning_facility_id,bigint,facility
public,mapping_rule_ifc_objects,mapping_rule_id,bigint,"ifc, object"
public,mapping_rule_ifc_objects,ifc_objects,character varying,"ifc, object"
public,mapping_rule_source,source_type,character varying,type
public,mapping_rule_source,source_property_id,bigint,property
public,material,category,character varying,category
public,material,volume,numeric,volume
public,material,area,numeric,area
public,material,volume_unit_id,bigint,volume
public,material,area_unit_id,bigint,area
public,material,owning_facility_id,bigint,facility
public,material,component_id,bigint,component
public,material,created_date,timestamp without time zone,date
public,material,last_modified_date,timestamp without time zone,date
public,mdt_pset_category,id,bigint,"category, pset"
public,mdt_pset_category,category,character varying,"category, pset"
public,mdt_pset_category,description,character varying,"category, pset"
public,model,model_type,character varying,type
public,model,category,character varying,category
public,model,owning_facility_id,bigint,facility
public,model,model_information_guid,character varying,guid
public,model,model_three_d_guid,character varying,guid
public,model,model_material_guid,character varying,guid
public,model,created_date,timestamp without time zone,date
public,model,last_modified_date,timestamp without time zone,date
public,model,ifc_version,character varying,ifc
public,model,geo_reference_type,character varying,type
public,model,export_mapping_guid,character varying,guid
public,model_floors,models_id,bigint,floor
public,model_floors,floors_id,bigint,floor
public,model_import,model_information_guid,character varying,guid
public,model_import,model_3_d_guid,character varying,guid
public,model_import,model_material_guid,character varying,guid
public,model_import,created_date,timestamp without time zone,date
public,model_import,last_modified_date,timestamp without time zone,date
public,notification_setting,project_id,bigint,project
public,open_cde_document,guid,character varying,guid
public,open_cde_document_selection,owning_facility_id,bigint,facility
public,open_cde_file,guid,character varying,guid
public,open_cde_file_upload,owning_facility_id,bigint,facility
public,pg_stat_statements,toplevel,boolean,level
public,pick_list,pick_list_type,character varying,type
public,pick_list,project_id,bigint,project
public,pick_list_value,ifd_guid,character varying,guid
public,pick_list_value_idp_ifc_object,idp_ifc_object_id,bigint,"ifc, object"
public,pick_list_value_idp_ifc_object,pick_list_value_id,bigint,"ifc, object"
public,project,id,bigint,project
public,project,name,character varying,project
public,project,project_type,character varying,"project, type"
public,project,information_id,bigint,project
public,project,template_id,bigint,project
public,project,show_info_progress,boolean,project
public,project,embedded_url,character varying,project
public,project,is_material_enabled,boolean,project
public,project,is_quick_start_shown,boolean,project
public,project,country,character varying,project
public,project,state,character varying,project
public,project,bim_collab_url,character varying,project
public,project,city,character varying,project
public,project,zip_code,character varying,project
public,project,street,character varying,project
public,project,address_supplement_1,character varying,project
public,project,address_supplement_2,character varying,project
public,project,longitude,double precision,project
public,project,latitude,double precision,project
public,project,image_guid,character varying,"guid, project"
public,project,viewpoint_guid,character varying,"guid, project"
public,project,identifier,character varying,project
public,project_acl,id,bigint,project
public,project_acl,jhi_role,character varying,project
public,project_acl,project_id,bigint,project
public,project_acl,user_id,bigint,project
public,project_config_entity,id,bigint,project
public,project_config_entity,jhi_type,character varying,"project, type"
public,project_config_entity,is_active,boolean,project
public,project_config_entity,project_id,bigint,project
public,project_config_entity_element,id,bigint,"element, project"
public,project_config_entity_element,jhi_type,character varying,"element, project, type"
public,project_config_entity_element,is_active,boolean,"element, project"
public,project_config_entity_element,root_id,bigint,"element, project"
public,project_config_entity_t_column,id,bigint,project
public,project_config_entity_t_column,jhi_column,character varying,project
public,project_config_entity_t_column,is_active,boolean,project
public,project_config_entity_t_column,root_id,bigint,project
public,project_config_entity_t_column,order_id,bigint,project
public,project_user_group,id,bigint,project
public,project_user_group,project_id,bigint,project
public,project_user_group,user_group_id,bigint,project
public,project_user_group_project_roles,project_user_group_id,bigint,project
public,project_user_group_project_roles,project_role,character varying,project
public,property,id,bigint,property
public,property,name,character varying,property
public,property,data_type,character varying,"property, type"
public,property,ifc_data_type,character varying,"ifc, property, type"
public,property,type_property,character varying,"property, type"
public,property,measure_type,character varying,"property, type"
public,property,created_on,timestamp without time zone,property
public,property,property_group_identifier,character varying,property
public,property,lower_bound_value,character varying,property
public,property,upper_bound_value,character varying,property
public,property,guid,character varying,"guid, property"
public,property,library_name,character varying,property
public,property,ref_type,character varying,"property, type"
public,property,sectionref,character varying,property
public,property,url,character varying,property
public,property,date_of_activation,timestamp without time zone,"date, property"
public,property,date_of_creation,timestamp without time zone,"date, property"
public,property,date_of_deactivation,timestamp without time zone,"date, property"
public,property,date_of_last_change,timestamp without time zone,"date, property"
public,property,date_of_revision,timestamp without time zone,"date, property"
public,property,date_of_version,timestamp without time zone,"date, property"
public,property,language_of_creator,character varying,property
public,property,revision_number,integer,property
public,property,status,character varying,property
public,property,version_number,integer,property
public,property,expression,character varying,property
public,property,defining_values_id,bigint,property
public,property,defined_values_id,bigint,property
public,property,pick_list_id,bigint,property
public,property,unit_type_id,bigint,"property, type"
public,property,dictionary_reference_id,bigint,property
public,property,property_set_id,bigint,property
public,property,description_txt,text,property
public,property_set,id,bigint,property
public,property_set,name,character varying,property
public,property_set,legacy_guid,character varying,"guid, property"
public,property_set,created_on,timestamp without time zone,property
public,property_set,is_default,boolean,property
public,property_set,ifc_version,character varying,"ifc, property"
public,property_set,ifc_version_schema,character varying,"ifc, property"
public,property_set,project_id,bigint,"project, property"
public,property_set,dictionary_reference_id,bigint,property
public,property_set,definition_txt,text,property
public,property_set,is_favorite,boolean,property
public,property_set_ifc_objects,ifc_objects_id,bigint,"ifc, object, property"
public,property_set_ifc_objects,property_sets_id,bigint,"ifc, object, property"
public,qr_code,jhi_type,character varying,type
public,qr_code,physical_object_id,bigint,object
public,qr_code,physical_object_type,character varying,"object, type"
public,qr_code,virtual_object_id,bigint,object
public,qr_code,virtual_object_type,character varying,"object, type"
public,qr_code,project_id,bigint,project
public,resource,category,character varying,category
public,resource,ext_object,character varying,object
public,resource,image_guid,character varying,guid
public,resource,owning_facility_id,bigint,facility
public,resource,created_date,timestamp without time zone,date
public,resource,last_modified_date,timestamp without time zone,date
public,resource,predefined_type,character varying,type
public,resource_attributes,attributes_id,bigint,attribute
public,resource_attributes,resources_id,bigint,attribute
public,resource_attributes_aud,resources_id,bigint,attribute
public,resource_attributes_aud,attributes_id,bigint,attribute
public,resource_attributes_aud,rev,bigint,attribute
public,resource_attributes_aud,revend,bigint,attribute
public,resource_attributes_aud,revtype,smallint,"attribute, type"
public,resource_aud,category,character varying,category
public,resource_aud,ext_object,character varying,object
public,resource_aud,image_guid,character varying,guid
public,resource_aud,owning_facility_id,bigint,facility
public,resource_aud,revtype,smallint,type
public,resource_aud,created_date,timestamp without time zone,date
public,resource_aud,last_modified_date,timestamp without time zone,date
public,resource_aud,predefined_type,character varying,type
public,resource_documents_aud,revtype,smallint,type
public,resource_impacts_aud,revtype,smallint,type
public,revision_lookup,entity_type,character varying,type
public,revision_lookup,object_id,bigint,object
public,revision_lookup,facility_id,bigint,facility
public,search_entity,entity_type,character varying,type
public,search_entity,attributes,jsonb,attribute
public,search_entity,owning_facility_id,bigint,facility
public,search_entity,project_id,bigint,project
public,sla_time_config,project_id,bigint,project
public,sla_time_config,created_date,timestamp without time zone,date
public,sla_time_config,last_modified_date,timestamp without time zone,date
public,sla_time_exception,date,date,date
public,sla_time_exception,project_id,bigint,project
public,sla_time_exception,created_date,timestamp without time zone,date
public,sla_time_exception,last_modified_date,timestamp without time zone,date
public,smart_data_preference,type,character varying,type
public,smart_data_preference,owning_facility_id,bigint,facility
public,space,id,bigint,space
public,space,name,character varying,space
public,space,created_on,timestamp without time zone,space
public,space,ext_system,character varying,space
public,space,ext_object,character varying,"object, space"
public,space,ext_identifier,character varying,space
public,space,category,character varying,"category, space"
public,space,room_tag,character varying,"room, space"
public,space,gross_area,numeric,"area, space"
public,space,net_area,numeric,"area, space"
public,space,usable_height,numeric,"height, space"
public,space,image_guid,character varying,"guid, space"
public,space,owning_facility_id,bigint,"facility, space"
public,space,created_by_id,bigint,space
public,space,floor_id,bigint,"floor, space"
public,space,parent_id,bigint,space
public,space,ifc_reference,character varying,"ifc, space"
public,space,created_by_user,character varying,space
public,space,created_date,timestamp without time zone,"date, space"
public,space,last_modified_by,character varying,space
public,space,last_modified_date,timestamp without time zone,"date, space"
public,space,jhi_version,bigint,space
public,space,predefined_type,character varying,"space, type"
public,space,model_id,bigint,space
public,space,description_txt,text,space
public,space_attributes,attributes_id,bigint,"attribute, space"
public,space_attributes,spaces_id,bigint,"attribute, space"
public,space_attributes_aud,spaces_id,bigint,"attribute, space"
public,space_attributes_aud,attributes_id,bigint,"attribute, space"
public,space_attributes_aud,rev,bigint,"attribute, space"
public,space_attributes_aud,revend,bigint,"attribute, space"
public,space_attributes_aud,revtype,smallint,"attribute, space, type"
public,space_aud,id,bigint,space
public,space_aud,name,character varying,space
public,space_aud,created_on,timestamp without time zone,space
public,space_aud,ext_system,character varying,space
public,space_aud,ext_object,character varying,"object, space"
public,space_aud,ext_identifier,character varying,space
public,space_aud,category,character varying,"category, space"
public,space_aud,room_tag,character varying,"room, space"
public,space_aud,gross_area,numeric,"area, space"
public,space_aud,net_area,numeric,"area, space"
public,space_aud,usable_height,numeric,"height, space"
public,space_aud,ifc_reference,character varying,"ifc, space"
public,space_aud,image_guid,character varying,"guid, space"
public,space_aud,owning_facility_id,bigint,"facility, space"
public,space_aud,created_by_id,bigint,space
public,space_aud,floor_id,bigint,"floor, space"
public,space_aud,parent_id,bigint,space
public,space_aud,rev,bigint,space
public,space_aud,revend,bigint,space
public,space_aud,revtype,smallint,"space, type"
public,space_aud,created_by_user,character varying,space
public,space_aud,created_date,timestamp without time zone,"date, space"
public,space_aud,last_modified_by,character varying,space
public,space_aud,last_modified_date,timestamp without time zone,"date, space"
public,space_aud,predefined_type,character varying,"space, type"
public,space_aud,description_txt,text,space
public,space_components,components_id,bigint,"component, space"
public,space_components,spaces_id,bigint,"component, space"
public,space_components_aud,spaces_id,bigint,"component, space"
public,space_components_aud,components_id,bigint,"component, space"
public,space_components_aud,rev,bigint,"component, space"
public,space_components_aud,revend,bigint,"component, space"
public,space_components_aud,revtype,smallint,"component, space, type"
public,space_documents,documents_id,bigint,space
public,space_documents,spaces_id,bigint,space
public,space_documents_aud,spaces_id,bigint,space
public,space_documents_aud,documents_id,bigint,space
public,space_documents_aud,rev,bigint,space
public,space_documents_aud,revend,bigint,space
public,space_documents_aud,revtype,smallint,"space, type"
public,space_impacts,impacts_id,bigint,space
public,space_impacts,spaces_id,bigint,space
public,space_impacts_aud,spaces_id,bigint,space
public,space_impacts_aud,impacts_id,bigint,space
public,space_impacts_aud,rev,bigint,space
public,space_impacts_aud,revend,bigint,space
public,space_impacts_aud,revtype,smallint,"space, type"
public,space_zones,zones_id,bigint,space
public,space_zones,spaces_id,bigint,space
public,space_zones_aud,spaces_id,bigint,space
public,space_zones_aud,zones_id,bigint,space
public,space_zones_aud,rev,bigint,space
public,space_zones_aud,revend,bigint,space
public,space_zones_aud,revtype,smallint,"space, type"
public,spare,category,character varying,category
public,spare,ext_object,character varying,object
public,spare,image_guid,character varying,guid
public,spare,owning_facility_id,bigint,facility
public,spare,created_date,timestamp without time zone,date
public,spare,last_modified_date,timestamp without time zone,date
public,spare,predefined_type,character varying,type
public,spare_attributes,attributes_id,bigint,attribute
public,spare_attributes,spares_id,bigint,attribute
public,spare_attributes_aud,spares_id,bigint,attribute
public,spare_attributes_aud,attributes_id,bigint,attribute
public,spare_attributes_aud,rev,bigint,attribute
public,spare_attributes_aud,revend,bigint,attribute
public,spare_attributes_aud,revtype,smallint,"attribute, type"
public,spare_aud,category,character varying,category
public,spare_aud,ext_object,character varying,object
public,spare_aud,image_guid,character varying,guid
public,spare_aud,owning_facility_id,bigint,facility
public,spare_aud,revtype,smallint,type
public,spare_aud,created_date,timestamp without time zone,date
public,spare_aud,last_modified_date,timestamp without time zone,date
public,spare_aud,predefined_type,character varying,type
public,spare_documents_aud,revtype,smallint,type
public,spare_impacts_aud,revtype,smallint,type
public,spare_suppliers_aud,revtype,smallint,type
public,sub_project,id,bigint,project
public,sub_project,name,character varying,project
public,sub_project,description,character varying,project
public,sub_project,status,bigint,project
public,sub_project,contact_id,bigint,project
public,sub_project,project_id,bigint,project
public,sub_project,created_by_user,character varying,project
public,sub_project,created_date,timestamp without time zone,"date, project"
public,sub_project,last_modified_by,character varying,project
public,sub_project,last_modified_date,timestamp without time zone,"date, project"
public,sub_project_contacts,contacts_id,bigint,project
public,sub_project_contacts,sub_projects_id,bigint,project
public,supplementary_agreement,contract_date,date,date
public,supplementary_agreement,offer_date,date,date
public,supplementary_agreement,created_date,timestamp without time zone,date
public,supplementary_agreement,last_modified_date,timestamp without time zone,date
public,supplementary_agreement_aud,contract_date,date,date
public,supplementary_agreement_aud,offer_date,date,date
public,supplementary_agreement_aud,revtype,smallint,type
public,supplementary_agreement_aud,created_date,timestamp without time zone,date
public,supplementary_agreement_aud,last_modified_date,timestamp without time zone,date
public,system,category,character varying,category
public,system,ext_object,character varying,object
public,system,image_guid,character varying,guid
public,system,owning_facility_id,bigint,facility
public,system,ifc_reference,character varying,ifc
public,system,created_date,timestamp without time zone,date
public,system,last_modified_date,timestamp without time zone,date
public,system,predefined_type,character varying,type
public,system_acceptors_aud,revtype,smallint,type
public,system_assignees_aud,revtype,smallint,type
public,system_attributes,attributes_id,bigint,attribute
public,system_attributes,systems_id,bigint,attribute
public,system_attributes_aud,systems_id,bigint,attribute
public,system_attributes_aud,attributes_id,bigint,attribute
public,system_attributes_aud,rev,bigint,attribute
public,system_attributes_aud,revend,bigint,attribute
public,system_attributes_aud,revtype,smallint,"attribute, type"
public,system_aud,category,character varying,category
public,system_aud,ext_object,character varying,object
public,system_aud,image_guid,character varying,guid
public,system_aud,ifc_reference,character varying,ifc
public,system_aud,owning_facility_id,bigint,facility
public,system_aud,revtype,smallint,type
public,system_aud,created_date,timestamp without time zone,date
public,system_aud,last_modified_date,timestamp without time zone,date
public,system_aud,predefined_type,character varying,type
public,system_documents_aud,revtype,smallint,type
public,system_impacts_aud,revtype,smallint,type
public,system_reviewers_aud,revtype,smallint,type
public,system_watchers_aud,revtype,smallint,type
public,table_definition,measure_type,character varying,type
public,table_definition,data_type,character varying,type
public,table_definition,ifc_data_type,character varying,"ifc, type"
public,table_definition,unit_type_id,bigint,type
public,task,category,character varying,category
public,task,due_date,timestamp without time zone,date
public,task,project_id,bigint,project
public,task,facility_id,bigint,facility
public,task,created_date,timestamp without time zone,date
public,task,last_modified_date,timestamp without time zone,date
public,task,sub_project_id,bigint,project
public,task,due_date_review,timestamp without time zone,date
public,task,due_date_acceptance,timestamp without time zone,date
public,task_relation,relation_type,character varying,type
public,task_relation,category,character varying,category
public,task_relation_comment,created_date,timestamp without time zone,date
public,task_relation_comment,last_modified_date,timestamp without time zone,date
public,task_relation_template,relation_type,character varying,type
public,task_time_recording,created_date,timestamp without time zone,date
public,task_time_recording,last_modified_date,timestamp without time zone,date
public,technical_system,category,character varying,category
public,technical_system,ext_object,character varying,object
public,technical_system,image_guid,character varying,guid
public,technical_system,owning_facility_id,bigint,facility
public,technical_system,predefined_type,character varying,type
public,technical_system,ifc_reference,character varying,ifc
public,technical_system,created_date,timestamp without time zone,date
public,technical_system,last_modified_date,timestamp without time zone,date
public,technical_system_asset_components,asset_components_id,bigint,"asset, component"
public,technical_system_asset_components,technical_systems_id,bigint,"asset, component"
public,technical_system_asset_components_aud,technical_systems_id,bigint,"asset, component"
public,technical_system_asset_components_aud,asset_components_id,bigint,"asset, component"
public,technical_system_asset_components_aud,rev,bigint,"asset, component"
public,technical_system_asset_components_aud,revend,bigint,"asset, component"
public,technical_system_asset_components_aud,revtype,smallint,"asset, component, type"
public,technical_system_attributes,attributes_id,bigint,attribute
public,technical_system_attributes,technical_systems_id,bigint,attribute
public,technical_system_attributes_aud,technical_systems_id,bigint,attribute
public,technical_system_attributes_aud,attributes_id,bigint,attribute
public,technical_system_attributes_aud,rev,bigint,attribute
public,technical_system_attributes_aud,revend,bigint,attribute
public,technical_system_attributes_aud,revtype,smallint,"attribute, type"
public,technical_system_aud,category,character varying,category
public,technical_system_aud,ext_object,character varying,object
public,technical_system_aud,image_guid,character varying,guid
public,technical_system_aud,owning_facility_id,bigint,facility
public,technical_system_aud,predefined_type,character varying,type
public,technical_system_aud,ifc_reference,character varying,ifc
public,technical_system_aud,created_date,timestamp without time zone,date
public,technical_system_aud,last_modified_date,timestamp without time zone,date
public,technical_system_aud,revtype,smallint,type
public,technical_system_documents_aud,revtype,smallint,type
public,technical_system_impacts_aud,revtype,smallint,type
public,technical_system_systems_aud,revtype,smallint,type
public,theme,logo_content_type,character varying,type
public,theme,splashscreen_content_type,character varying,type
public,type,id,bigint,type
public,type,name,character varying,type
public,type,created_on,timestamp without time zone,type
public,type,ext_system,character varying,type
public,type,ext_object,character varying,"object, type"
public,type,ext_identifier,character varying,type
public,type,category,character varying,"category, type"
public,type,nominal_length,numeric,"length, type"
public,type,nominal_width,numeric,"type, width"
public,type,nominal_height,numeric,"height, type"
public,type,expected_life,numeric,type
public,type,replacement_cost,numeric,type
public,type,warranty_duration_labor,numeric,type
public,type,warranty_duration_parts,numeric,type
public,type,model_reference,character varying,type
public,type,color,character varying,type
public,type,sustainability_performance,character varying,type
public,type,accessibility_performance,character varying,type
public,type,warranty_description,character varying,type
public,type,finish,character varying,type
public,type,shape,character varying,type
public,type,asset_type,character varying,"asset, type"
public,type,zize,character varying,type
public,type,material,character varying,type
public,type,code_performance,character varying,type
public,type,grade,character varying,type
public,type,model_number,character varying,type
public,type,constituents,character varying,type
public,type,image_guid,character varying,"guid, type"
public,type,owning_facility_id,bigint,"facility, type"
public,type,created_by_id,bigint,type
public,type,manufacturer_id,bigint,type
public,type,warranty_guarantor_labor_id,bigint,type
public,type,warranty_guarantor_parts_id,bigint,type
public,type,warranty_duration_unit_id,bigint,type
public,type,duration_unit_id,bigint,type
public,type,is_template,boolean,type
public,type,created_by_user,character varying,type
public,type,created_date,timestamp without time zone,"date, type"
public,type,last_modified_by,character varying,type
public,type,last_modified_date,timestamp without time zone,"date, type"
public,type,jhi_version,bigint,type
public,type,system_id,bigint,type
public,type,predefined_type,character varying,type
public,type,model_id,bigint,type
public,type,description_txt,text,type
public,type,features_txt,text,type
public,type_assembly,id,bigint,type
public,type_assembly,name,character varying,type
public,type_assembly,created_on,timestamp without time zone,type
public,type_assembly,assembly_type,character varying,type
public,type_assembly,ext_system,character varying,type
public,type_assembly,ext_object,character varying,"object, type"
public,type_assembly,ext_identifier,character varying,type
public,type_assembly,image_guid,character varying,"guid, type"
public,type_assembly,owning_facility_id,bigint,"facility, type"
public,type_assembly,created_by_id,bigint,type
public,type_assembly,parent_id,bigint,type
public,type_assembly,created_by_user,character varying,type
public,type_assembly,created_date,timestamp without time zone,"date, type"
public,type_assembly,last_modified_by,character varying,type
public,type_assembly,last_modified_date,timestamp without time zone,"date, type"
public,type_assembly,jhi_version,bigint,type
public,type_assembly,system_id,bigint,type
public,type_assembly,predefined_type,character varying,type
public,type_assembly,model_id,bigint,type
public,type_assembly,description_txt,text,type
public,type_assembly_attributes,attributes_id,bigint,"attribute, type"
public,type_assembly_attributes,type_assemblies_id,bigint,"attribute, type"
public,type_assembly_attributes_aud,type_assemblies_id,bigint,"attribute, type"
public,type_assembly_attributes_aud,attributes_id,bigint,"attribute, type"
public,type_assembly_attributes_aud,rev,bigint,"attribute, type"
public,type_assembly_attributes_aud,revend,bigint,"attribute, type"
public,type_assembly_attributes_aud,revtype,smallint,"attribute, type"
public,type_assembly_aud,id,bigint,type
public,type_assembly_aud,name,character varying,type
public,type_assembly_aud,created_on,timestamp without time zone,type
public,type_assembly_aud,assembly_type,character varying,type
public,type_assembly_aud,ext_system,character varying,type
public,type_assembly_aud,ext_object,character varying,"object, type"
public,type_assembly_aud,ext_identifier,character varying,type
public,type_assembly_aud,image_guid,character varying,"guid, type"
public,type_assembly_aud,owning_facility_id,bigint,"facility, type"
public,type_assembly_aud,created_by_id,bigint,type
public,type_assembly_aud,parent_id,bigint,type
public,type_assembly_aud,rev,bigint,type
public,type_assembly_aud,revend,bigint,type
public,type_assembly_aud,revtype,smallint,type
public,type_assembly_aud,created_by_user,character varying,type
public,type_assembly_aud,created_date,timestamp without time zone,"date, type"
public,type_assembly_aud,last_modified_by,character varying,type
public,type_assembly_aud,last_modified_date,timestamp without time zone,"date, type"
public,type_assembly_aud,system_id,bigint,type
public,type_assembly_aud,predefined_type,character varying,type
public,type_assembly_aud,description_txt,text,type
public,type_assembly_documents,documents_id,bigint,type
public,type_assembly_documents,type_assemblies_id,bigint,type
public,type_assembly_documents_aud,type_assemblies_id,bigint,type
public,type_assembly_documents_aud,documents_id,bigint,type
public,type_assembly_documents_aud,rev,bigint,type
public,type_assembly_documents_aud,revend,bigint,type
public,type_assembly_documents_aud,revtype,smallint,type
public,type_assembly_impacts,impacts_id,bigint,type
public,type_assembly_impacts,type_assemblies_id,bigint,type
public,type_assembly_impacts_aud,type_assemblies_id,bigint,type
public,type_assembly_impacts_aud,impacts_id,bigint,type
public,type_assembly_impacts_aud,rev,bigint,type
public,type_assembly_impacts_aud,revend,bigint,type
public,type_assembly_impacts_aud,revtype,smallint,type
public,type_assembly_types,types_id,bigint,type
public,type_assembly_types,type_assemblies_id,bigint,type
public,type_assembly_types_aud,type_assemblies_id,bigint,type
public,type_assembly_types_aud,types_id,bigint,type
public,type_assembly_types_aud,rev,bigint,type
public,type_assembly_types_aud,revend,bigint,type
public,type_assembly_types_aud,revtype,smallint,type
public,type_attributes,attributes_id,bigint,"attribute, type"
public,type_attributes,types_id,bigint,"attribute, type"
public,type_attributes_aud,types_id,bigint,"attribute, type"
public,type_attributes_aud,attributes_id,bigint,"attribute, type"
public,type_attributes_aud,rev,bigint,"attribute, type"
public,type_attributes_aud,revend,bigint,"attribute, type"
public,type_attributes_aud,revtype,smallint,"attribute, type"
public,type_aud,id,bigint,type
public,type_aud,name,character varying,type
public,type_aud,created_on,timestamp without time zone,type
public,type_aud,ext_system,character varying,type
public,type_aud,ext_object,character varying,"object, type"
public,type_aud,ext_identifier,character varying,type
public,type_aud,category,character varying,"category, type"
public,type_aud,nominal_length,numeric,"length, type"
public,type_aud,nominal_width,numeric,"type, width"
public,type_aud,nominal_height,numeric,"height, type"
public,type_aud,expected_life,numeric,type
public,type_aud,replacement_cost,numeric,type
public,type_aud,warranty_duration_labor,numeric,type
public,type_aud,warranty_duration_parts,numeric,type
public,type_aud,model_reference,character varying,type
public,type_aud,color,character varying,type
public,type_aud,sustainability_performance,character varying,type
public,type_aud,accessibility_performance,character varying,type
public,type_aud,warranty_description,character varying,type
public,type_aud,finish,character varying,type
public,type_aud,shape,character varying,type
public,type_aud,asset_type,character varying,"asset, type"
public,type_aud,zize,character varying,type
public,type_aud,material,character varying,type
public,type_aud,code_performance,character varying,type
public,type_aud,grade,character varying,type
public,type_aud,model_number,character varying,type
public,type_aud,constituents,character varying,type
public,type_aud,image_guid,character varying,"guid, type"
public,type_aud,is_template,boolean,type
public,type_aud,owning_facility_id,bigint,"facility, type"
public,type_aud,created_by_id,bigint,type
public,type_aud,manufacturer_id,bigint,type
public,type_aud,warranty_guarantor_labor_id,bigint,type
public,type_aud,warranty_guarantor_parts_id,bigint,type
public,type_aud,warranty_duration_unit_id,bigint,type
public,type_aud,duration_unit_id,bigint,type
public,type_aud,rev,bigint,type
public,type_aud,revend,bigint,type
public,type_aud,revtype,smallint,type
public,type_aud,created_by_user,character varying,type
public,type_aud,created_date,timestamp without time zone,"date, type"
public,type_aud,last_modified_by,character varying,type
public,type_aud,last_modified_date,timestamp without time zone,"date, type"
public,type_aud,system_id,bigint,type
public,type_aud,predefined_type,character varying,type
public,type_aud,description_txt,text,type
public,type_aud,features_txt,text,type
public,type_documents,documents_id,bigint,type
public,type_documents,types_id,bigint,type
public,type_documents_aud,types_id,bigint,type
public,type_documents_aud,documents_id,bigint,type
public,type_documents_aud,rev,bigint,type
public,type_documents_aud,revend,bigint,type
public,type_documents_aud,revtype,smallint,type
public,type_filter_definition,id,bigint,type
public,type_filter_definition,attribute,character varying,"attribute, type"
public,type_filter_definition,value,character varying,type
public,type_filter_definition,template_id,bigint,type
public,type_filter_template,id,bigint,type
public,type_filter_template,type_id,bigint,type
public,type_filter_template,owning_facility_id,bigint,"facility, type"
public,type_filter_template,model_category,character varying,"category, type"
public,type_impacts,impacts_id,bigint,type
public,type_impacts,types_id,bigint,type
public,type_impacts_aud,types_id,bigint,type
public,type_impacts_aud,impacts_id,bigint,type
public,type_impacts_aud,rev,bigint,type
public,type_impacts_aud,revend,bigint,type
public,type_impacts_aud,revtype,smallint,type
public,type_spares,spares_id,bigint,type
public,type_spares,types_id,bigint,type
public,type_spares_aud,types_id,bigint,type
public,type_spares_aud,spares_id,bigint,type
public,type_spares_aud,rev,bigint,type
public,type_spares_aud,revend,bigint,type
public,type_spares_aud,revtype,smallint,type
public,unit,unit_type_id,bigint,type
public,unit,created_date,timestamp without time zone,date
public,unit,last_modified_date,timestamp without time zone,date
public,unit_aud,unit_type_id,bigint,type
public,unit_aud,revtype,smallint,type
public,unit_aud,created_date,timestamp without time zone,date
public,unit_aud,last_modified_date,timestamp without time zone,date
public,unit_type,id,bigint,type
public,unit_type,name,character varying,type
public,viewer_appearance,ifc_object_id,bigint,"ifc, object"
public,viewer_appearance,type,character varying,type
public,viewer_appearance,property_id,bigint,property
public,viewer_appearance,owning_facility_id,bigint,facility
public,viewer_settings,owning_facility_id,bigint,facility
public,viewer_settings,is_space_pickable,boolean,space
public,viewpoint,guid,character varying,guid
public,viewpoint,owning_facility_id,bigint,facility
public,warranty_reminder,facility_id,bigint,facility
public,zone,ext_object,character varying,object
public,zone,category,character varying,category
public,zone,image_guid,character varying,guid
public,zone,owning_facility_id,bigint,facility
public,zone,ifc_reference,character varying,ifc
public,zone,created_date,timestamp without time zone,date
public,zone,last_modified_date,timestamp without time zone,date
public,zone,predefined_type,character varying,type
public,zone_attributes,attributes_id,bigint,attribute
public,zone_attributes,zones_id,bigint,attribute
public,zone_attributes_aud,zones_id,bigint,attribute
public,zone_attributes_aud,attributes_id,bigint,attribute
public,zone_attributes_aud,rev,bigint,attribute
public,zone_attributes_aud,revend,bigint,attribute
public,zone_attributes_aud,revtype,smallint,"attribute, type"
public,zone_aud,ext_object,character varying,object
public,zone_aud,category,character varying,category
public,zone_aud,ifc_reference,character varying,ifc
public,zone_aud,image_guid,character varying,guid
public,zone_aud,owning_facility_id,bigint,facility
public,zone_aud,revtype,smallint,type
public,zone_aud,created_date,timestamp without time zone,date
public,zone_aud,last_modified_date,timestamp without time zone,date
public,zone_aud,predefined_type,character varying,type
public,zone_documents_aud,revtype,smallint,type
public,zone_impacts_aud,revtype,smallint,type
